{
	"id": "33aad4bb-9417-dd32-d283-c4ddd6ed98ce",
	"name": "ElasticSearc Eq",
	"description": "",
	"order": [
		"c1723fdb-29a3-ae6e-38e8-46bfffe83600",
		"7bb8d7b6-ea22-1ddf-3e05-92e4b796973b",
		"622a0902-d2be-5d29-31a8-f654e1ea838c",
		"c84978b8-ee6e-00c3-073d-a4561cc461fc",
		"bcc56755-85c4-0c06-c276-f71090fc1a35"
	],
	"folders": [],
	"timestamp": 1488905808160,
	"owner": 0,
	"public": false,
	"requests": [
		{
			"id": "622a0902-d2be-5d29-31a8-f654e1ea838c",
			"url": "https://d197bs3ond.execute-api.eu-west-1.amazonaws.com/dev/publish",
			"method": "POST",
			"headers": "Content-Type: application/json\n",
			"data": [],
			"dataMode": "raw",
			"tests": null,
			"preRequestScript": null,
			"currentHelper": "normal",
			"pathVariables": {},
			"version": 2,
			"name": "https://d197bs3ond.execute-api.eu-west-1.amazonaws.com/dev/publish",
			"description": "",
			"descriptionFormat": "html",
			"collectionId": "33aad4bb-9417-dd32-d283-c4ddd6ed98ce",
			"rawModeData": "{\n\"test\":\"1\"\n}"
		},
		{
			"id": "7bb8d7b6-ea22-1ddf-3e05-92e4b796973b",
			"url": "https://search-eqsimul-elasti-3oj40uf39t-h6xzwf2obovswx5tvii4hnqqlq.eu-west-1.es.amazonaws.com/simulator_index",
			"method": "DELETE",
			"headers": "Content-Type: application/json\napp-user: prencipev\n",
			"data": [],
			"dataMode": "raw",
			"tests": null,
			"preRequestScript": null,
			"currentHelper": "normal",
			"pathVariables": {},
			"version": 2,
			"name": "https://search-eqsimul-elasti-3oj40uf39t-h6xzwf2obovswx5tvii4hnqqlq.eu-west-1.es.amazonaws.com/simulator_index",
			"description": "",
			"descriptionFormat": "html",
			"collectionId": "33aad4bb-9417-dd32-d283-c4ddd6ed98ce",
			"rawModeData": "{\r\n    \"query\" : { \r\n        \"match_all\" : {}\r\n    }\r\n}'"
		},
		{
			"id": "bcc56755-85c4-0c06-c276-f71090fc1a35",
			"url": "https://search-eqsimul-elasti-3oj40uf39t-h6xzwf2obovswx5tvii4hnqqlq.eu-west-1.es.amazonaws.com/simulator_index",
			"method": "DELETE",
			"headers": "Content-Type: application/json\napp-user: prencipev\n",
			"data": [],
			"dataMode": "raw",
			"tests": null,
			"preRequestScript": null,
			"currentHelper": "normal",
			"pathVariables": {},
			"version": 2,
			"name": "https://search-eqsimul-elasti-3oj40uf39t-h6xzwf2obovswx5tvii4hnqqlq.eu-west-1.es.amazonaws.com/simulator_index",
			"description": "",
			"descriptionFormat": "html",
			"collectionId": "33aad4bb-9417-dd32-d283-c4ddd6ed98ce",
			"rawModeData": "{\r\n    \"query\" : { \r\n        \"match_all\" : {}\r\n    }\r\n}'"
		},
		{
			"id": "c1723fdb-29a3-ae6e-38e8-46bfffe83600",
			"headers": "Content-Type: application/json\napp-user: prencipev\n",
			"url": "https://search-eqsimul-elasti-3oj40uf39t-h6xzwf2obovswx5tvii4hnqqlq.eu-west-1.es.amazonaws.com/simulator_index",
			"pathVariables": {},
			"preRequestScript": null,
			"method": "GET",
			"collectionId": "33aad4bb-9417-dd32-d283-c4ddd6ed98ce",
			"data": [],
			"dataMode": "raw",
			"name": "https://search-eqsimul-elasti-3oj40uf39t-h6xzwf2obovswx5tvii4hnqqlq.eu-west-1.es.amazonaws.com/simulator_index",
			"description": "",
			"descriptionFormat": "html",
			"time": 1488905831862,
			"version": 2,
			"responses": [],
			"tests": null,
			"currentHelper": "normal",
			"helperAttributes": {},
			"rawModeData": "{\r\n    \"query\" : { \r\n        \"match_all\" : {}\r\n    }\r\n}'"
		},
		{
			"id": "c84978b8-ee6e-00c3-073d-a4561cc461fc",
			"url": "https://d197bs3ond.execute-api.eu-west-1.amazonaws.com/dev/publish",
			"method": "POST",
			"headers": "Content-Type: application/json\n",
			"data": [],
			"dataMode": "raw",
			"tests": null,
			"preRequestScript": null,
			"currentHelper": "normal",
			"pathVariables": {},
			"version": 2,
			"name": "https://d197bs3ond.execute-api.eu-west-1.amazonaws.com/dev/publish",
			"description": "",
			"descriptionFormat": "html",
			"collectionId": "33aad4bb-9417-dd32-d283-c4ddd6ed98ce",
			"rawModeData": "{\n\"test\":\"1\"\n}"
		}
	]
}