{ "resource": "/publish", "path": "/publish", "httpMethod": "POST", "headers": { "Accept": "*/*", "Accept-Encoding": "gzip, deflate, br", "Accept-Language": "en-US,en;q=0.8", "cache-control": "no-cache", "CloudFront-Forwarded-Proto": "https", "CloudFront-Is-Desktop-Viewer": "true", "CloudFront-Is-Mobile-Viewer": "false", "CloudFront-Is-SmartTV-Viewer": "false", "CloudFront-Is-Tablet-Viewer": "false", "CloudFront-Viewer-Country": "IT", "content-type": "application/json", "Host": "d197bs3ond.execute-api.eu-west-1.amazonaws.com", "origin": "chrome-extension://fhbjgbiflinjbdggehcddcbncdddomop", "postman-token": "e305df73-b02d-5e48-7698-7ca659a6309d", "User-Agent": "Mozilla/5.0 (Windows NT 6.3; WOW64) AppleWebKit/537.36 (KHTML, like Gecko) Chrome/56.0.2924.87 Safari/537.36", "Via": "2.0 6640bb922817c1f6799f0abbff6736d3.cloudfront.net (CloudFront)", "X-Amz-Cf-Id": "2m9I2BVa5QtfywxnnQ5CsCPHrnV2pSHLMnmWykUXMxuCOOwszt-5hQ==", "X-Amzn-Trace-Id": "Root=1-58bed913-29b4f1876a0b612c456d642f", "X-Forwarded-For": "2.228.172.178, 216.137.60.88", "X-Forwarded-Port": "443", "X-Forwarded-Proto": "https" }, "queryStringParameters": null, "pathParameters": null, "stageVariables": null, "requestContext": { "accountId": "511386292871", "resourceId": "2aunab", "stage": "dev", "requestId": "29bc8625-034f-11e7-ad87-777c73aef5d6", "identity": { "cognitoIdentityPoolId": null, "accountId": null, "cognitoIdentityId": null, "caller": null, "apiKey": null, "sourceIp": "2.228.172.178", "accessKey": null, "cognitoAuthenticationType": null, "cognitoAuthenticationProvider": null, "userArn": null, "userAgent": "Mozilla/5.0 (Windows NT 6.3; WOW64) AppleWebKit/537.36 (KHTML, like Gecko) Chrome/56.0.2924.87 Safari/537.36", "user": null }, "resourcePath": "/publish", "httpMethod": "POST", "apiId": "d197bs3ond" }, "body": "{\"title\":\"Minor earthquake - Northern Colombia on March 3, 2017\",\"magnitude\":\"3.9\",\"location\":\"NORTHERN COLOMBIA\",\"depth\":\"152\",\"latitude\":\"6.75\",\"longitude\":\"-73.18\",\"date_time\":\"2017-03-03T13:58:33+00:00\",\"link\":\"http://earthquake-report.com/2017/03/03/minor-earthquake-northern-colombia-on-march-3-2017-2/\"}", "isBase64Encoded": false }